11,-3.725,1.9040000000000001,-0.737,0.433,-0.369,1.047,0.12,0.425,-0.6779999999999999,-0.391
5,-2.967,2.781,-1.2770000000000001,0.354,-0.9359999999999999,1.505,-0.004,-0.418,-0.56,0.725
8,-4.175,3.32,-0.446,0.988,-1.48,0.133,0.507,0.605,0.691,-0.462
4,-3.194,1.589,-0.774,0.8140000000000001,-1.087,0.618,0.218,-0.45,-0.003,0.526
4,-2.03,1.764,-0.386,-0.249,0.18,0.11699999999999999,0.096,-0.121,0.067,-0.552
1,-4.158,-0.342,0.9,1.09,0.56,0.955,0.395,-0.32799999999999996,-1.52,-0.498
5,-2.563,2.8289999999999997,-0.28300000000000003,-0.368,-1.5930000000000002,0.408,0.121,0.9329999999999999,-0.946,-0.35600000000000004
4,-3.654,1.222,-0.574,0.248,-0.299,0.158,0.154,0.5529999999999999,-0.58,0.617
5,-2.635,2.147,-1.129,0.9109999999999999,-1.4069999999999998,1.095,-0.071,0.11800000000000001,0.139,-0.685
5,-2.9139999999999997,2.541,-1.567,0.067,-1.051,1.207,0.006,0.289,-0.325,-0.34299999999999997
8,-3.7430000000000003,3.6289999999999996,-0.8740000000000001,-0.79,-0.312,1.7590000000000001,0.679,0.565,-0.521,-0.485
5,-2.9419999999999997,2.642,-1.217,0.384,-0.9940000000000001,1.4669999999999999,0.134,-0.45799999999999996,-0.465,0.6459999999999999
2,-3.237,0.436,-0.86,1.3630000000000002,-0.251,1.915,-0.395,0.7509999999999999,-0.774,-0.327
7,-3.173,3.1660000000000004,-1.501,-0.37,-0.43700000000000006,0.9740000000000001,0.179,0.556,-0.794,-0.5489999999999999
2,-3.096,0.10300000000000001,-0.452,0.879,1.067,0.49700000000000005,-0.29600000000000004,-0.067,-0.973,0.711
7,-2.9330000000000003,0.7170000000000001,0.8290000000000001,1.508,-0.517,0.069,-1.163,0.021,0.866,1.0659999999999998
10,-4.471,3.1919999999999997,-0.161,0.11699999999999999,-0.327,0.406,-0.201,0.919,-0.716,-0.9329999999999999
4,-1.501,1.611,-1.003,1.156,-0.883,0.9009999999999999,-0.16899999999999998,0.862,-0.151,0.16399999999999998
1,-3.5860000000000003,-0.38,-0.359,1.307,1.587,0.99,0.18,-0.831,-0.47100000000000003,0.198
8,-4.0489999999999995,4.039,-0.5579999999999999,0.064,-1.676,1.024,0.047,1.024,-0.091,-0.28300000000000003
1,-3.676,-0.185,-0.563,2.377,0.096,1.854,0.303,0.29600000000000004,-0.358,-1.205
11,-3.735,2.096,-0.818,0.46299999999999997,-0.221,1.1440000000000001,0.023,0.22399999999999998,-0.745,-0.325
8,-4.074,4.187,-0.555,0.052000000000000005,-1.6030000000000002,0.73,-0.061,0.981,0.249,-0.25
3,-2.207,1.09,-0.627,0.024,0.912,0.662,0.24100000000000002,0.348,-0.7020000000000001,-0.912
7,-2.574,1.814,-0.16699999999999998,1.8259999999999998,-1.156,0.12,-0.609,1.5430000000000001,0.11,0.75
3,-1.933,0.728,-1.015,0.27,0.19899999999999998,0.78,0.192,0.706,-0.446,-0.595
3,-2.105,1.035,-1.705,0.231,-0.5579999999999999,1.554,-0.649,0.71,-0.855,-0.151
10,-4.756,0.965,0.9590000000000001,2.287,-0.527,0.45399999999999996,-0.41,-0.36200000000000004,-0.862,1.088
9,-4.172,3.07,-0.7809999999999999,0.516,-0.627,1.006,0.531,0.441,-0.102,-0.456
10,-5.0489999999999995,4.846,-0.6779999999999999,-0.877,-0.09,0.005,0.253,-0.078,-0.17800000000000002,0.131
3,-3.242,1.615,-0.8290000000000001,1.589,0.09,0.051,-0.504,-0.21100000000000002,-0.513,1.005
7,-2.708,2.396,0.728,0.336,-1.4369999999999998,-0.344,-0.41100000000000003,1.469,-0.022000000000000002,-0.7170000000000001
5,-2.6010000000000004,2.735,-0.322,-0.255,-1.67,0.22899999999999998,0.20199999999999999,1.01,-0.871,-0.461
11,-2.752,1.778,-0.718,0.057,-0.009000000000000001,0.402,0.121,0.05,-1.435,0.281
10,-4.782,3.325,-0.071,0.6629999999999999,-0.9129999999999999,1.012,-0.033,-0.10300000000000001,0.483,-0.20199999999999999
5,-2.488,2.822,-0.239,-0.33,-1.355,0.284,0.10099999999999999,0.934,-0.966,-0.31
1,-4.756,1.197,1.431,1.54,0.262,-0.27699999999999997,-0.741,0.075,-0.26,0.8759999999999999
10,-4.544,3.0460000000000003,1.028,-0.016,0.447,0.884,-0.094,0.885,-0.45899999999999996,-1.099
4,-2.076,1.413,-0.584,0.19,-0.35,0.518,-0.406,0.313,0.027000000000000003,-0.7240000000000001
9,-3.952,2.489,0.287,0.012,0.141,0.892,-0.087,0.613,-0.685,-0.623
2,-2.073,0.08800000000000001,-0.73,0.29600000000000004,-0.28600000000000003,1.75,0.154,1.078,0.294,-0.174
9,-3.6180000000000003,1.5759999999999998,-1.14,0.6990000000000001,-0.741,1.633,-0.387,1.0859999999999999,0.235,-0.38799999999999996
4,-2.089,1.695,-0.528,-0.23199999999999998,0.385,-0.13699999999999998,0.033,0.071,0.033,-0.7440000000000001
9,-3.8280000000000003,3.188,-0.38799999999999996,0.055,-0.185,-0.028999999999999998,0.503,0.273,0.326,0.1
5,-2.176,1.952,-0.14400000000000002,1.659,-1.128,0.28,-0.6579999999999999,1.3459999999999999,0.008,0.505
1,-3.322,-0.303,-0.5,0.963,0.9209999999999999,0.981,1.0590000000000002,-1.079,-1.004,0.11199999999999999
3,-4.058,1.072,0.157,1.136,0.385,-0.687,-0.583,-0.185,-0.3,1.177
2,-3.165,0.408,-0.971,1.207,-0.298,1.921,-0.215,0.723,-0.49200000000000005,-0.425
1,-2.3819999999999997,-0.294,-1.3969999999999998,1.051,0.21100000000000002,1.901,0.151,0.654,-1.286,-0.609
9,-3.783,1.974,-1.2,0.606,-0.65,1.504,-0.134,0.528,0.392,-0.58
4,-2.3040000000000003,1.784,-1.506,0.981,-0.961,0.8059999999999999,-0.294,-0.002,0.11900000000000001,-0.76
6,-3.5669999999999997,2.081,-0.579,0.845,0.126,0.381,-0.179,-0.51,-0.846,0.987
5,-2.305,3.625,-1.203,-0.665,-0.29600000000000004,0.775,0.19699999999999998,-0.282,-0.8420000000000001,0.188
6,-1.891,1.776,-0.518,1.4609999999999999,-1.05,0.5670000000000001,-0.307,1.1520000000000001,-0.239,0.325
4,-2.162,1.5330000000000001,-0.267,-0.287,-0.026000000000000002,0.122,0.168,-0.024,-0.268,-0.27
6,-2.043,1.95,-0.435,1.341,-1.0490000000000002,0.5579999999999999,-0.237,1.237,-0.28300000000000003,0.306
8,-3.9410000000000003,3.353,0.486,-0.506,-1.12,0.10099999999999999,0.297,0.711,-0.078,0.648
9,-3.545,1.926,-0.512,1.732,-1.109,1.006,0.021,0.82,0.731,-0.639
11,-2.6660000000000004,1.516,-1.198,0.741,-1.0659999999999998,1.24,-0.574,0.965,-0.13,-0.711
9,-4.129,2.6860000000000004,0.308,-0.125,0.11699999999999999,0.39299999999999996,0.19899999999999998,0.308,-0.478,-0.909
10,-4.683,0.773,0.888,2.302,-0.562,0.395,-0.401,-0.289,-0.8390000000000001,1.165
6,-3.065,2.372,-1.002,0.496,-1.295,0.86,0.327,-0.40399999999999997,0.067,-0.155
6,-2.906,1.102,-0.491,0.575,-0.386,0.7709999999999999,-0.134,0.977,-0.54,-0.604
10,-4.283,2.8289999999999997,0.29600000000000004,0.086,-0.544,0.501,-0.317,0.995,-0.34,-1.113
3,-2.875,0.868,-0.728,1.439,0.355,0.846,-0.37799999999999995,-0.233,-1.072,0.505
6,-2.58,1.608,-0.311,0.273,-0.14800000000000002,0.262,-0.062,0.16699999999999998,0.337,-0.6920000000000001
9,-4.039,2.061,-0.727,0.888,0.302,0.413,-0.381,-0.19399999999999998,-0.614,0.41
2,-2.9410000000000003,0.71,-0.855,0.902,0.635,0.924,0.466,0.01,-0.342,-0.588
11,-2.53,1.492,-0.9359999999999999,1.21,-1.1540000000000001,1.3159999999999998,-0.267,1.149,0.226,-0.77
4,-1.899,2.135,0.092,-0.11,-0.145,0.081,-0.067,-0.10400000000000001,-0.408,-0.099
11,-3.3089999999999997,2.256,-0.615,0.365,0.251,0.439,0.011000000000000001,0.11900000000000001,-1.219,0.695
1,-3.594,-0.13699999999999998,-0.027999999999999997,1.018,1.069,0.723,0.695,-0.982,-1.433,0.249
2,-2.9610000000000003,0.7659999999999999,-0.8,0.9620000000000001,0.6579999999999999,1.012,0.34700000000000003,-0.015,-0.425,-0.746
4,-3.005,1.472,-0.716,0.535,-0.392,0.054000000000000006,-0.054000000000000006,-0.6859999999999999,-0.29,0.153
1,-1.953,-0.596,-1.5430000000000001,0.619,0.055999999999999994,1.742,0.5920000000000001,1.2890000000000001,-0.163,-0.523
1,-3.858,0.115,0.05,1.17,0.975,0.703,0.585,-1.1909999999999998,-1.172,-0.076
4,-1.5959999999999999,0.885,-0.19899999999999998,0.19899999999999998,-0.115,-0.474,0.428,-0.113,-0.61,0.131
6,-1.824,1.682,-0.669,1.483,-1.036,0.711,-0.249,1.193,-0.27399999999999997,0.22399999999999998
6,-2.415,2.517,-0.285,0.085,-0.902,0.28300000000000003,0.302,0.247,-1.207,0.371
3,-2.302,0.85,-1.646,0.455,-0.488,1.4909999999999999,-0.617,0.8190000000000001,-0.887,-0.08
5,-2.5540000000000003,1.5319999999999998,0.812,0.36700000000000005,-1.208,-0.35200000000000004,-0.252,0.894,0.05,0.084
2,-1.614,0.287,-1.195,-0.252,-0.257,1.251,0.281,0.898,0.188,-0.423
8,-3.693,3.0669999999999997,-0.273,1.619,-1.905,0.045,0.006,1.347,0.34600000000000003,0.36
11,-4.261,1.827,-0.48200000000000004,-0.19399999999999998,0.731,0.354,-0.478,0.05,-0.11199999999999999,0.321
11,-3.7889999999999997,1.42,-0.37200000000000005,0.568,0.12300000000000001,0.185,0.078,1.006,-0.722,-0.391
9,-3.1689999999999996,1.041,0.509,0.693,-1.185,0.6729999999999999,-0.35200000000000004,0.877,0.434,1.0090000000000001
2,-3.5869999999999997,1.193,-0.617,1.34,-0.022000000000000002,1.103,-0.07200000000000001,0.368,-0.8540000000000001,-0.767
9,-4.13,3.2910000000000004,-1.4240000000000002,0.359,-0.273,1.297,-0.45399999999999996,0.62,-0.527,-0.7090000000000001
7,-3.2460000000000004,2.7960000000000003,-0.867,-0.205,-0.316,0.8079999999999999,0.8240000000000001,0.062,-0.11800000000000001,-0.7490000000000001
1,-3.312,-0.7759999999999999,-0.504,1.39,0.86,1.2570000000000001,0.222,0.314,-0.715,-0.765
2,-3.034,0.452,-0.946,0.9309999999999999,0.128,1.514,0.142,0.932,-0.10400000000000001,-0.9740000000000001
5,-3.85,2.28,-1.055,-0.335,-0.16399999999999998,0.41,0.9129999999999999,-0.391,-0.33799999999999997,0.26
3,-2.045,0.8190000000000001,-1.46,0.652,-0.701,0.35200000000000004,-0.087,0.7929999999999999,-0.5670000000000001,-0.013000000000000001
8,-4.0760000000000005,3.3360000000000003,-0.688,0.677,-1.472,0.461,0.682,0.7240000000000001,0.7170000000000001,-0.409
10,-3.6839999999999997,1.774,-1.7280000000000002,1.611,0.1,1.393,-0.193,0.5539999999999999,0.245,-0.919
5,-2.846,2.43,-0.78,-0.153,-0.905,0.24,0.746,0.14,-0.114,-0.746
1,-4.477,0.24600000000000002,1.087,1.1079999999999999,0.682,1.057,0.424,-0.264,-1.195,-0.52
2,-1.8559999999999999,0.063,-1.011,-0.23800000000000002,-0.152,1.4609999999999999,0.5720000000000001,0.775,0.154,-0.31
2,-3.3789999999999996,0.95,-0.06,1.47,0.5379999999999999,0.051,-0.6809999999999999,-0.098,-0.405,0.912
11,-2.483,0.81,0.185,0.284,-0.917,0.73,-0.111,0.613,0.373,0.184
4,-1.9280000000000002,1.578,-0.997,0.672,-1.287,0.381,0.249,0.006,-0.16699999999999998,-0.637
11,-3.6889999999999996,1.367,-0.389,0.376,0.136,0.34299999999999997,0.156,1.01,-0.611,-0.551
5,-3.1189999999999998,3.135,-1.466,-0.35200000000000004,-0.023,0.752,0.14300000000000002,-0.231,-0.376,0.721
4,-1.475,1.557,-1.0090000000000001,1.202,-0.846,0.883,-0.138,0.8220000000000001,-0.165,0.198
3,-1.768,0.7859999999999999,-1.4680000000000002,1.077,-0.34700000000000003,1.704,-0.171,1.0759999999999998,-0.691,-0.06
3,-2.081,1.05,-1.778,0.41100000000000003,-0.518,1.46,-0.5760000000000001,0.735,-0.866,-0.172
10,-4.373,2.463,-0.171,1.501,-0.639,0.292,0.518,-0.114,1.127,0.332
10,-4.6930000000000005,3.1460000000000004,-0.136,0.5870000000000001,-0.731,1.055,-0.10400000000000001,-0.021,0.637,-0.192
9,-4.087,2.555,0.12300000000000001,-0.151,0.11800000000000001,0.474,0.365,0.495,-0.473,-0.8859999999999999
9,-3.984,2.29,-0.10300000000000001,-0.7070000000000001,0.297,0.317,0.857,1.403,-1.253,-0.298
7,-3.492,3.446,-1.734,0.705,-0.23,1.339,0.092,-0.698,-1.143,-0.05
1,-3.4610000000000003,0.04,0.5529999999999999,1.854,0.386,0.568,-1.003,-0.638,-1.04,1.051
6,-3.4560000000000004,2.0269999999999997,-0.862,0.887,0.281,0.435,-0.307,-0.387,-0.6,0.725
10,-4.52,2.231,-0.08800000000000001,0.513,-0.528,1.246,0.198,0.242,0.161,0.769
8,-4.067,3.908,-0.065,-0.37799999999999995,-1.163,0.065,0.508,1.003,0.03,-0.187
7,-3.5589999999999997,2.126,-0.445,1.053,-1.765,0.349,0.546,0.321,0.44299999999999995,-0.11800000000000001
4,-1.9480000000000002,1.536,-1.012,0.537,-1.229,0.183,0.46,-0.002,-0.17800000000000002,-0.5760000000000001
1,-2.4530000000000003,-0.32,-1.368,1.04,0.174,1.985,0.158,0.59,-1.318,-0.5870000000000001
7,-3.582,2.374,-0.358,1.162,-1.953,0.621,0.33899999999999997,0.355,0.415,-0.259
8,-3.8339999999999996,3.7489999999999997,-0.183,1.518,-1.585,-0.281,-0.33399999999999996,1.1909999999999998,0.425,-0.10400000000000001
1,-3.366,-0.826,-0.405,1.643,0.603,1.226,0.524,0.293,-0.858,-0.6679999999999999
8,-4.0889999999999995,3.7119999999999997,0.315,-0.05,-0.929,0.018000000000000002,-0.35,1.77,0.244,-0.301
1,-1.393,-0.305,-2.29,1.1,-0.254,2.327,0.363,0.795,-1.521,-0.7559999999999999
1,-2.5269999999999997,-0.9259999999999999,-0.5710000000000001,1.6130000000000002,0.628,1.229,-0.687,-0.8079999999999999,-0.354,0.625
6,-2.889,1.4180000000000001,0.409,0.61,-1.018,0.992,0.005,0.518,-0.027000000000000003,-0.326
11,-3.088,1.389,0.048,-0.21600000000000003,-0.32899999999999996,0.91,0.045,-0.075,0.10099999999999999,-0.134
8,-4.172,3.188,-0.375,1.028,-1.41,0.008,0.513,0.635,0.802,-0.28
2,-3.034,0.6940000000000001,-1.0070000000000001,1.453,0.155,1.48,0.179,1.005,-0.54,-0.563
3,-3.091,0.935,-0.574,1.36,0.41600000000000004,0.764,-0.48,-0.14400000000000002,-1.295,0.696
3,-1.817,0.5589999999999999,-0.8009999999999999,0.23399999999999999,0.011000000000000001,1.215,-0.161,0.809,0.018000000000000002,-0.382
5,-2.733,2.026,-0.71,0.377,-0.774,0.284,-0.469,0.693,0.205,-0.74
8,-4.468999999999999,4.348,-1.74,-0.8859999999999999,0.447,0.883,0.374,0.5770000000000001,-0.9079999999999999,-0.08900000000000001
6,-2.577,2.449,-0.38,0.174,-0.41,0.38299999999999995,0.19,0.09699999999999999,-0.489,-0.084
2,-3.8710000000000004,1.694,-0.606,1.4280000000000002,0.044000000000000004,0.8440000000000001,-0.013000000000000001,0.126,-1.218,-0.5529999999999999
5,-2.968,2.149,0.13,0.6759999999999999,-0.79,0.11199999999999999,-0.507,0.762,0.625,-0.272
3,-2.029,0.698,-1.482,0.813,-0.6809999999999999,0.42200000000000004,0.016,0.7509999999999999,-0.3,-0.237
5,-2.596,1.867,-0.20800000000000002,0.20800000000000002,-0.574,0.146,-0.214,0.11599999999999999,0.395,-0.541
11,-2.69,1.652,-1.261,0.674,-0.9640000000000001,1.449,-0.593,1.005,-0.303,-0.541
11,-2.434,0.87,0.127,0.22399999999999998,-0.8109999999999999,0.6659999999999999,-0.233,0.705,0.408,0.136
6,-3.82,1.705,-1.13,0.45,-0.47100000000000003,0.665,0.298,-0.175,-0.473,0.848
11,-3.032,1.739,-1.141,0.737,-0.8340000000000001,1.386,-0.575,0.679,-0.018000000000000002,-0.823
6,-2.784,1.43,0.145,0.309,-0.9309999999999999,1.3419999999999999,0.017,0.589,-0.044000000000000004,-0.273
6,-2.155,2.0269999999999997,-0.39299999999999996,1.354,-1.045,0.6459999999999999,-0.24600000000000002,1.2790000000000001,-0.396,0.177
2,-2.904,0.45799999999999996,-0.6559999999999999,0.8320000000000001,0.61,0.805,0.568,0.040999999999999995,-0.114,-0.615
8,-3.9789999999999996,3.661,0.16899999999999998,-0.598,-1.412,0.569,0.009000000000000001,1.939,0.094,-0.149
7,-3.4389999999999996,2.7110000000000003,1.067,0.028999999999999998,-1.12,-0.212,0.062,1.44,-0.353,-0.42
4,-1.885,2.214,-0.6729999999999999,0.147,-0.14800000000000002,-0.4,0.252,-0.098,-0.8740000000000001,0.245
2,-4.393,2.137,0.57,1.3969999999999998,0.293,-0.836,-0.966,-0.461,-0.27699999999999997,1.1840000000000002
4,-2.175,1.631,-0.331,-0.203,-0.159,0.24600000000000002,0.18,-0.09300000000000001,-0.35100000000000003,-0.267
6,-2.125,1.952,-0.415,1.4580000000000002,-0.985,0.52,-0.344,1.249,-0.37,0.145
2,-1.358,0.136,-1.082,-0.14800000000000002,-0.609,1.464,0.14400000000000002,1.149,0.48100000000000004,0.11900000000000001
9,-4.323,2.853,0.385,0.209,-1.0959999999999999,0.431,0.11900000000000001,0.268,0.131,0.654
9,-4.019,3.52,-1.058,-0.2,-0.545,1.348,0.35100000000000003,0.82,-0.868,-0.434
6,-2.489,1.7730000000000001,-0.18,-0.152,-0.353,0.133,-0.18600000000000003,0.207,0.7879999999999999,-0.285
8,-3.7969999999999997,4.314,-1.5959999999999999,-0.47600000000000003,0.044000000000000004,0.903,0.129,-0.141,-0.6459999999999999,-0.318
2,-3.62,1.0659999999999998,0.158,1.393,0.879,1.02,-0.09,0.087,-1.3330000000000002,0.585
11,-2.9819999999999998,0.522,-0.1,0.36200000000000004,-0.66,1.115,-0.305,0.8590000000000001,0.637,0.344
11,-3.265,1.933,-0.316,0.602,0.43799999999999994,0.336,0.048,0.134,-0.16,-0.991
7,-3.0239999999999996,3.26,0.35,-0.5770000000000001,-1.183,0.872,0.556,0.762,0.395,-0.665
4,-1.9780000000000002,1.5419999999999998,-1.4869999999999999,-0.096,-0.025,0.32,-0.063,0.09699999999999999,-0.073,-0.381
11,-3.2089999999999996,1.85,-0.39399999999999996,0.555,0.425,0.313,0.067,0.077,-0.163,-0.9440000000000001
10,-4.022,0.941,-0.623,1.4609999999999999,0.02,1.9040000000000001,-0.07400000000000001,0.46399999999999997,-0.541,-0.21100000000000002
7,-3.661,3.266,-0.11699999999999999,-0.237,-0.755,0.092,0.6859999999999999,0.381,-0.58,-0.687
3,-2.6,1.219,-1.315,0.589,0.311,0.364,0.451,0.35,-0.556,-0.314
2,-3.426,0.584,-0.469,1.776,0.5660000000000001,1.686,0.07,0.081,-1.483,-0.141
2,-1.077,0.511,-2.006,0.305,-0.584,1.962,0.08900000000000001,1.406,-0.669,-0.027000000000000003
2,-3.262,0.956,-0.7909999999999999,1.528,-0.021,0.977,-0.121,0.499,-0.99,-0.621
9,-3.818,3.159,-0.298,-0.057999999999999996,-0.348,0.19399999999999998,0.593,0.21100000000000002,0.531,-0.013999999999999999
7,-2.818,3.685,-1.413,-0.5579999999999999,0.025,0.871,0.688,-0.14400000000000002,-0.93,0.282
7,-3.048,2.8169999999999997,-0.703,-0.396,-0.639,0.92,0.674,0.6859999999999999,-0.611,-0.053
6,-2.7030000000000003,2.066,0.205,-0.63,-0.345,1.229,0.40299999999999997,-0.032,0.247,-0.696
7,-3.176,2.997,-1.0979999999999999,-0.371,-0.418,1.318,0.48,0.47200000000000003,-0.8140000000000001,0.106
7,-2.733,1.088,0.7609999999999999,1.694,-0.833,0.292,-1.069,0.266,0.369,1.034
10,-4.008,2.141,-0.18,1.041,0.688,0.7120000000000001,-0.879,-0.201,-1.0659999999999998,-0.5489999999999999
2,-4.544,1.672,0.643,1.281,0.504,-0.8029999999999999,-0.7090000000000001,-0.22899999999999998,-0.546,1.058
9,-4.2669999999999995,3.01,0.172,0.027999999999999997,-0.8270000000000001,0.532,0.099,0.326,0.34,0.696
10,-3.772,0.904,-0.195,0.317,-0.473,1.31,-0.043,0.898,0.536,0.503
1,-1.149,-0.904,-1.9880000000000002,0.7390000000000001,-0.06,1.206,0.8640000000000001,1.196,-0.3,-0.467
7,-2.951,2.64,0.8320000000000001,-0.387,-1.5019999999999998,0.272,0.7559999999999999,0.5379999999999999,0.616,-0.39899999999999997
7,-3.092,3.014,-0.307,-0.016,-0.956,0.195,-0.22699999999999998,0.36700000000000005,0.958,-0.092
1,-2.391,-0.34700000000000003,-1.474,0.843,0.08900000000000001,2.021,0.41700000000000004,0.502,-0.86,-0.978
4,-1.716,1.186,-0.809,-0.515,-0.35,0.29,-0.40399999999999997,0.6779999999999999,0.172,-0.212
2,-3.498,1.669,0.076,1.53,0.38,-0.135,-0.8140000000000001,-0.20800000000000002,-0.307,1.053
6,-2.5540000000000003,1.117,0.42,-0.022000000000000002,-0.645,0.02,0.145,-0.327,0.66,0.073
1,-3.653,0.373,-0.6,1.705,-0.222,1.765,-0.353,0.537,-0.797,-0.813
8,-4.497,4.5,-1.446,-1.127,0.44299999999999995,0.986,0.136,0.597,-1.087,-0.073
5,-3.05,3.055,-1.598,-0.12,0.14400000000000002,0.757,0.11900000000000001,-0.397,-0.396,0.47700000000000004
4,-2.041,2.119,-0.585,0.5489999999999999,-0.43,-0.29100000000000004,-0.002,-0.23399999999999999,-0.7509999999999999,0.253
6,-2.592,1.617,0.267,0.38,-0.777,0.48700000000000004,-0.20600000000000002,0.733,0.5920000000000001,-0.40299999999999997
8,-4.033,4.071000000000001,-0.586,0.127,-1.4469999999999998,0.62,0.19699999999999998,0.711,0.48,-0.306
4,-2.026,1.75,-0.526,-0.131,0.266,-0.055,0.084,0.063,0.047,-0.691
3,-3.293,0.93,0.522,1.48,0.249,-0.6609999999999999,-0.643,-0.094,-0.132,0.198
11,-3.325,2.141,-0.528,0.439,0.099,0.321,0.217,0.135,-1.3880000000000001,0.746
10,-4.333,2.438,-0.21899999999999997,1.3719999999999999,-0.7609999999999999,0.306,0.594,-0.022000000000000002,1.103,0.19
11,-3.0460000000000003,1.462,-0.823,0.935,-0.44,0.8490000000000001,0.085,0.865,-0.17800000000000002,-0.9540000000000001
10,-4.718,3.281,-0.203,0.6509999999999999,-0.883,1.413,-0.6629999999999999,0.583,0.237,-0.307
2,-3.8110000000000004,2.123,0.278,1.5519999999999998,0.754,0.49200000000000005,-0.584,-0.433,-0.988,0.652
10,-4.188,2.637,0.502,0.552,0.735,0.395,-0.026000000000000002,0.8029999999999999,-0.8740000000000001,-0.9129999999999999
6,-2.7289999999999996,2.104,-0.505,0.138,-0.5329999999999999,0.455,0.14800000000000002,-0.40700000000000003,-1.0590000000000002,0.625
11,-2.93,2.0140000000000002,-0.7,0.20600000000000002,-0.08800000000000001,0.153,0.142,-0.031,-1.4369999999999998,0.615
5,-2.639,1.88,-0.389,0.204,-0.5710000000000001,0.094,-0.233,0.27899999999999997,0.426,-0.598
3,-2.633,0.672,-0.37200000000000005,0.439,0.43700000000000006,0.907,-0.402,-0.04,-0.366,-0.741
11,-3.432,2.235,-0.753,0.361,0.435,0.425,-0.193,0.012,-1.166,0.794
3,-2.255,0.902,-1.723,0.45399999999999996,-0.524,1.453,-0.614,0.7609999999999999,-0.885,-0.11800000000000001
7,-3.095,2.8510000000000004,-0.816,-0.396,-0.603,1.09,0.5670000000000001,0.743,-0.677,0.052000000000000005
3,-2.012,1.1340000000000001,-1.0290000000000001,0.205,0.6609999999999999,0.359,0.456,0.37200000000000005,-0.9390000000000001,-0.613
4,-2.395,1.929,-1.496,0.37200000000000005,0.065,0.009000000000000001,0.149,0.813,-0.484,-0.672
5,-2.911,1.9280000000000002,-1.131,0.899,-0.9109999999999999,1.111,-0.20800000000000002,-0.047,-0.028999999999999998,-0.539
9,-3.846,1.426,-0.607,1.4340000000000002,-0.07200000000000001,1.13,-0.535,1.159,-0.12300000000000001,-0.385
6,-2.918,2.897,-1.069,-0.077,-0.261,0.55,0.317,-0.322,-0.7759999999999999,0.79
11,-3.285,1.547,-0.897,0.917,0.127,0.402,-0.011000000000000001,0.502,-0.557,-0.715
10,-4.982,1.538,0.96,1.253,-0.64,0.588,-0.484,-0.31,-0.24600000000000002,1.18
4,-2.71,1.943,-1.247,0.772,-0.345,0.107,-0.062,0.04,-0.322,1.018
3,-1.804,0.431,-1.0,-0.42700000000000005,-0.094,0.848,0.084,0.636,-0.275,-0.214
3,-2.965,1.124,-0.349,1.581,-0.6659999999999999,0.125,-0.025,-0.887,-0.13,1.11
3,-2.103,0.655,-0.84,1.195,0.377,0.135,-0.504,-0.5489999999999999,-0.40399999999999997,0.602
11,-2.9789999999999996,1.795,-0.87,1.4269999999999998,-0.93,1.3230000000000002,-0.212,1.286,-0.135,-0.496
2,-1.4,0.316,-1.8940000000000001,0.83,-0.242,2.0380000000000003,0.003,1.6669999999999998,-0.515,-0.087
7,-3.949,2.99,-0.643,-0.986,-0.175,0.768,0.249,0.8029999999999999,-1.479,0.168
8,-3.753,3.605,-0.899,-0.747,-0.401,1.765,0.62,0.754,-0.835,-0.301
6,-2.8710000000000004,3.13,-1.3,0.008,-0.28800000000000003,0.483,0.258,-0.342,-0.614,0.83
11,-2.528,1.288,-0.14400000000000002,-0.171,-0.077,0.26,-0.045,0.6809999999999999,-1.399,-0.066
2,-2.05,0.065,-0.938,-0.037000000000000005,0.08199999999999999,1.561,0.39299999999999996,0.835,-0.028999999999999998,-0.39399999999999996
7,-4.065,2.8760000000000003,-0.856,-0.221,-0.5329999999999999,0.23199999999999998,0.855,0.633,-1.452,0.272
4,-2.147,1.655,-0.355,-0.08199999999999999,-0.19399999999999998,0.29600000000000004,0.146,-0.083,-0.314,-0.308
10,-4.394,1.162,0.157,0.608,-0.409,1.3519999999999999,-0.243,0.758,0.447,0.096
5,-2.247,3.42,-0.887,-0.823,-0.297,0.774,0.185,-0.242,-0.79,0.046
10,-4.813,1.042,0.887,1.661,-0.534,0.747,-0.513,-0.44799999999999995,-0.41200000000000003,1.214
4,-3.622,1.111,-0.972,0.39899999999999997,-0.402,0.527,0.271,0.373,-0.716,0.943
7,-2.6239999999999997,1.653,-0.156,2.023,-1.052,0.086,-0.752,1.341,0.196,0.71
11,-3.1889999999999996,2.62,-0.833,0.45,0.009000000000000001,0.444,-0.348,0.126,-0.614,0.081
5,-3.8280000000000003,2.367,-0.836,-0.34299999999999997,-0.466,0.11599999999999999,1.172,-0.175,-0.275,0.11699999999999999
9,-3.909,3.674,-0.648,0.08800000000000001,-0.365,0.19899999999999998,0.424,0.336,-0.012,-0.252
8,-4.21,3.2889999999999997,-0.106,-1.247,-0.6829999999999999,0.539,0.579,0.8320000000000001,-0.035,-0.764
9,-4.107,2.17,0.20600000000000002,-0.8109999999999999,0.33399999999999996,0.633,0.402,1.097,-1.327,-0.04
9,-4.039,3.5060000000000002,-0.9640000000000001,0.040999999999999995,-0.4,0.976,0.65,0.659,-0.21600000000000003,-0.327
6,-2.8789999999999996,2.662,-0.5720000000000001,0.425,-0.248,0.213,0.17600000000000002,-0.281,-0.40399999999999997,0.605
8,-3.763,3.252,-0.262,1.52,-1.6840000000000002,-0.225,0.235,0.9890000000000001,0.616,0.046
1,-3.705,-0.204,0.27399999999999997,1.569,0.883,1.3659999999999999,-0.94,-0.691,-0.162,0.598
11,-3.7,1.841,-0.675,0.441,-0.38299999999999995,0.89,0.17600000000000002,0.594,-0.677,-0.408
8,-4.216,3.638,0.192,-0.023,-1.2309999999999999,-0.32,0.128,1.03,0.061,-0.179
11,-3.375,1.7790000000000001,-0.8220000000000001,0.382,-0.019,0.845,0.12300000000000001,0.767,0.223,-0.337
9,-3.145,0.863,0.41600000000000004,0.6990000000000001,-1.3780000000000001,0.892,0.02,0.89,0.221,0.8340000000000001
8,-3.634,3.589,-1.075,-0.7090000000000001,0.057999999999999996,1.051,0.878,0.627,-0.111,-0.43700000000000006
10,-4.263999999999999,2.925,0.065,0.794,0.32299999999999995,0.515,-1.2819999999999998,-0.14,-0.863,-0.39
6,-2.343,0.7879999999999999,0.373,0.49200000000000005,-0.667,0.27899999999999997,-0.24,0.8270000000000001,0.589,-0.267
4,-1.9980000000000002,1.4969999999999999,-1.005,0.519,-1.236,0.39799999999999996,0.273,0.151,-0.319,-0.49
4,-2.052,1.483,-0.488,0.040999999999999995,-0.131,0.273,-0.11199999999999999,-0.064,0.307,-0.8
8,-4.048,3.753,-1.15,-0.209,-0.53,0.871,0.445,0.716,-0.131,0.139
5,-2.7060000000000004,2.07,-0.691,0.31,-0.745,0.266,-0.413,0.602,0.36,-0.713
10,-4.145,2.739,-0.115,0.907,0.669,0.478,-1.183,-0.24,-0.887,-0.365
5,-2.263,3.344,-1.165,-0.625,-0.159,0.9259999999999999,0.13,-0.33,-0.7829999999999999,0.31
1,-3.137,0.077,-1.157,1.589,0.204,1.8980000000000001,0.17,0.6759999999999999,-1.033,-0.635
2,-4.181,1.646,0.736,1.286,0.7240000000000001,-0.511,-1.126,-0.45,-0.648,0.995
9,-4.047,2.6260000000000003,-0.597,0.823,-0.266,0.048,0.049,0.882,0.359,-0.203
11,-2.7039999999999997,1.285,-0.9079999999999999,1.57,-0.84,1.044,-0.39899999999999997,0.951,0.345,-0.695
1,-3.162,-1.137,0.3,1.44,0.688,1.645,-0.447,-0.518,-0.52,0.6409999999999999
6,-2.521,2.271,-0.27699999999999997,0.27,-0.909,0.27399999999999997,0.348,-0.027999999999999997,-1.177,0.43200000000000005
9,-3.824,1.8319999999999999,1.093,1.024,-1.09,0.56,-0.336,0.299,0.126,1.005
10,-3.673,1.811,-1.405,1.621,0.044000000000000004,1.5719999999999998,-0.45299999999999996,0.745,-0.066,-0.733
6,-3.253,1.025,-0.28600000000000003,0.713,-0.036000000000000004,0.539,0.47600000000000003,-0.11599999999999999,-0.945,-0.10800000000000001
11,-3.242,1.8019999999999998,-0.48200000000000004,0.6990000000000001,0.424,0.337,0.115,0.272,-0.205,-1.074
5,-2.6710000000000003,3.155,-0.514,0.133,-0.9640000000000001,0.23399999999999999,-0.071,1.192,0.254,-0.47100000000000003
10,-4.5680000000000005,3.344,-0.005,-0.092,-0.546,0.479,-0.168,1.186,-0.565,-1.025
4,-2.303,1.954,-1.493,0.305,0.047,0.055999999999999994,0.026000000000000002,0.902,-0.522,-0.645
2,-3.062,0.35100000000000003,-1.071,1.061,-0.355,1.99,-0.21,0.7959999999999999,-0.358,-0.299
6,-3.3710000000000004,2.0069999999999997,-0.919,0.843,0.221,0.541,-0.317,-0.37,-0.5,0.652
3,-1.8159999999999998,0.45799999999999996,-0.9470000000000001,-0.341,0.085,0.75,0.14400000000000002,0.462,-0.24,-0.266
7,-3.339,3.011,-1.264,-0.34299999999999997,-0.11900000000000001,0.498,0.589,0.078,0.221,-0.8220000000000001
9,-4.136,3.582,-0.40700000000000003,-0.038,-0.687,1.031,0.491,0.157,0.305,0.027999999999999997
11,-3.366,1.952,-0.898,0.258,0.282,0.835,0.29,0.6809999999999999,0.431,-0.461
2,-2.613,-0.092,-0.54,0.484,0.389,1.7409999999999999,0.198,0.257,-0.375,-0.604
5,-2.3080000000000003,2.023,-0.203,1.493,-1.2229999999999999,0.379,-0.48100000000000004,1.403,-0.045,0.402
7,-3.635,2.25,-0.39399999999999996,1.012,-1.693,0.11699999999999999,0.665,0.281,0.34299999999999997,-0.003
1,-2.0580000000000003,-0.61,-1.4969999999999999,0.696,0.07200000000000001,1.8019999999999998,0.626,1.3030000000000002,-0.192,-0.5379999999999999
8,-4.228,3.111,-0.38,1.16,-1.188,-0.36200000000000004,0.516,0.507,0.669,-0.07400000000000001
2,-1.537,0.043,-1.125,-0.213,-0.37799999999999995,1.265,0.33,0.87,0.293,-0.39299999999999996
10,-4.65,2.455,0.013000000000000001,0.6809999999999999,-0.8,1.4340000000000002,0.126,0.036000000000000004,0.382,0.278
2,-2.9130000000000003,0.757,-0.8190000000000001,1.245,0.419,1.17,0.051,0.32799999999999996,-0.96,-0.614
5,-2.9019999999999997,2.7960000000000003,-1.199,0.23399999999999999,-0.821,1.2570000000000001,0.263,-0.075,-1.103,0.41700000000000004
5,-2.7,2.83,-0.389,0.032,-0.958,0.44,-0.168,0.519,0.16899999999999998,-0.525
7,-2.898,3.3930000000000002,-0.409,-0.993,-0.5870000000000001,1.3219999999999998,0.24,0.231,-1.068,-0.094
11,-3.707,1.486,-0.494,0.402,0.183,0.18600000000000003,0.23399999999999999,1.0290000000000001,-0.856,-0.408
3,-1.814,0.9229999999999999,-0.9309999999999999,0.12,0.425,0.5539999999999999,0.237,0.426,-0.184,-0.727
3,-3.468,1.81,-0.39,1.55,-0.084,-0.008,-0.48200000000000004,-0.231,-0.7240000000000001,0.9670000000000001
5,-2.8,2.609,-1.726,0.036000000000000004,-0.941,1.0390000000000001,0.191,0.044000000000000004,-0.165,-0.23399999999999999
8,-4.21,3.8689999999999998,0.16399999999999998,-0.047,-1.251,-0.102,0.276,0.919,0.091,-0.159
11,-3.03,1.185,0.314,-0.121,-0.591,0.965,0.353,-0.13699999999999998,-0.221,0.075
11,-3.0060000000000002,1.4069999999999998,-0.875,0.945,-0.495,0.721,0.212,0.75,-0.037000000000000005,-1.054
10,-4.805,3.228,-0.501,0.602,-0.532,0.745,0.09,0.445,0.7559999999999999,-0.42
2,-3.033,0.7,-1.077,1.266,0.196,1.453,0.317,0.9470000000000001,-0.324,-0.828
4,-1.6740000000000002,1.7109999999999999,-1.04,1.136,-0.8690000000000001,1.036,-0.157,0.946,-0.361,0.02
7,-3.117,2.8760000000000003,-0.746,-0.047,-0.42700000000000005,-0.053,0.45299999999999996,0.305,0.541,-0.489
9,-3.7119999999999997,1.8159999999999998,-1.171,0.647,-0.767,1.6980000000000002,-0.34700000000000003,0.92,0.159,-0.359
1,-3.485,-0.86,0.5820000000000001,1.501,0.578,1.48,-0.6629999999999999,-0.602,-0.318,0.575
8,-3.838,4.252,-1.621,-0.21899999999999997,-0.281,0.856,0.154,0.133,-0.92,-0.45399999999999996
9,-3.5460000000000003,1.258,-1.227,0.823,-0.7020000000000001,1.734,-0.397,1.3330000000000002,-0.27699999999999997,0.013000000000000001
7,-3.24,1.749,0.9590000000000001,1.071,-1.188,0.018000000000000002,-1.024,0.664,1.0070000000000001,0.44299999999999995
5,-3.074,3.062,-1.47,-0.379,0.233,0.789,-0.099,-0.135,-0.395,0.5720000000000001
7,-3.054,3.1039999999999996,-0.513,-0.085,-0.9520000000000001,0.299,-0.26899999999999996,0.45899999999999996,0.892,-0.308
8,-3.84,3.745,0.121,-0.6559999999999999,-1.0659999999999998,0.32899999999999996,0.7340000000000001,0.875,-0.295,0.418
11,-3.3289999999999997,1.788,-0.517,0.597,0.503,0.278,0.121,0.17600000000000002,-0.159,-0.98
1,-3.5,0.068,0.5329999999999999,1.876,0.363,0.542,-0.982,-0.6709999999999999,-1.006,1.101
2,-3.966,2.003,0.391,1.034,0.659,-0.191,-0.44799999999999995,-0.397,-0.769,0.9690000000000001
9,-4.16,3.3289999999999997,0.275,0.39399999999999996,-1.287,0.693,0.483,0.121,0.28600000000000003,0.153
10,-3.687,1.784,-1.5930000000000002,1.6030000000000002,0.12300000000000001,1.4240000000000002,-0.225,0.441,0.20600000000000002,-0.7140000000000001
6,-3.075,1.824,-0.905,0.727,0.155,0.608,-0.075,-0.377,-0.74,0.852
10,-4.066,1.05,-0.049,0.45799999999999996,-0.35700000000000004,1.331,-0.129,0.848,0.509,0.317
3,-2.952,0.777,-0.74,1.311,0.424,0.853,-0.319,-0.08199999999999999,-1.456,0.616
6,-2.314,1.494,0.294,0.245,-0.769,0.05,-0.068,0.8190000000000001,0.618,-0.5720000000000001
8,-4.341,3.514,-0.45299999999999996,-1.047,-0.469,0.51,0.618,0.8009999999999999,-0.39899999999999997,-0.777
9,-3.9010000000000002,2.485,-0.95,0.7020000000000001,-0.47,1.146,-0.109,1.597,0.146,-1.197
9,-4.468,4.121,-0.42,-1.197,0.33799999999999997,0.6,-0.11,0.314,-1.248,-0.012
7,-3.239,2.9160000000000004,-1.406,-0.455,-0.45399999999999996,1.219,0.078,0.38299999999999995,-0.7759999999999999,-0.413
10,-4.753,3.4210000000000003,-0.18899999999999997,0.6559999999999999,-0.9840000000000001,1.443,-0.652,0.546,0.12300000000000001,-0.326
8,-3.8360000000000003,3.699,-0.225,1.52,-1.729,-0.184,0.064,0.97,0.5,-0.13
8,-3.878,3.8160000000000003,-0.155,-0.6679999999999999,-1.207,0.541,0.022000000000000002,1.972,-0.028999999999999998,-0.29
8,-3.958,4.132,-0.07400000000000001,-0.19,-1.1840000000000002,-0.11,-0.679,1.198,0.442,0.563
11,-3.636,2.719,-0.17800000000000002,0.665,0.099,-0.084,-0.33299999999999996,-0.36200000000000004,-1.0490000000000002,0.978
4,-1.5119999999999998,1.492,-1.053,1.262,-0.809,0.941,-0.122,0.807,-0.20600000000000002,0.145
2,-3.6180000000000003,0.9159999999999999,-0.4,1.771,0.6659999999999999,1.535,-0.389,-0.342,-1.2790000000000001,-0.109
10,-3.648,1.8119999999999998,-1.3780000000000001,1.578,0.065,1.577,-0.466,0.7020000000000001,0.06,-0.836
4,-3.5810000000000004,1.188,-0.958,0.18899999999999997,-0.077,0.451,0.049,0.449,-0.6759999999999999,0.919
5,-2.765,2.8169999999999997,-2.02,0.213,-0.772,0.852,0.252,-0.193,-0.20199999999999999,-0.09300000000000001
3,-3.2319999999999998,1.551,-0.8320000000000001,1.6740000000000002,-0.042,0.29600000000000004,-0.5529999999999999,-0.44299999999999995,-0.413,0.96
10,-4.893,3.37,-0.46399999999999997,0.5379999999999999,-0.327,0.496,0.27,0.47,0.742,-0.141
3,-2.964,1.1540000000000001,-0.373,1.511,-0.583,0.152,-0.012,-0.9490000000000001,-0.054000000000000006,1.16
11,-3.0580000000000003,1.6780000000000002,-0.35100000000000003,-0.255,0.038,0.6920000000000001,-0.17300000000000001,0.226,0.20199999999999999,-0.593
2,-3.128,0.28,0.955,1.264,0.753,0.43700000000000006,-0.841,-0.517,-0.473,0.0
8,-3.3760000000000003,3.327,-0.797,-0.8490000000000001,-0.6809999999999999,1.198,0.838,0.244,-0.298,-0.618
1,-3.39,-0.956,0.47600000000000003,1.547,0.6579999999999999,1.504,-0.65,-0.604,-0.295,0.616
11,-2.665,1.633,-0.384,-0.111,-0.001,0.23399999999999999,0.033,0.478,-1.558,0.21899999999999997
7,-3.8939999999999997,2.91,-0.968,-0.6709999999999999,-0.131,0.519,0.591,0.708,-1.515,0.121
7,-3.141,3.3139999999999996,-0.996,-0.39399999999999996,-0.19,-0.312,0.13699999999999998,0.631,0.547,-0.247
6,-2.9019999999999997,2.988,-1.1520000000000001,0.057,-0.47700000000000004,0.622,0.33799999999999997,-0.368,-0.6890000000000001,0.7929999999999999
6,-2.6910000000000003,2.1109999999999998,-1.067,0.174,-0.649,0.431,-0.017,0.655,-0.498,-0.292
4,-1.9509999999999998,1.6840000000000002,-1.0390000000000001,0.586,-1.166,0.345,0.33,-0.10800000000000001,-0.198,-0.609
8,-3.951,2.25,0.127,1.7719999999999998,-1.906,0.5670000000000001,-0.43200000000000005,1.045,0.598,-0.293
9,-4.1739999999999995,3.54,-1.43,0.41700000000000004,0.267,0.9179999999999999,-0.11800000000000001,-0.267,-0.162,-0.71
7,-3.0269999999999997,2.903,-0.799,-0.452,-0.503,1.044,0.679,0.483,-0.7759999999999999,-0.062
8,-4.417,3.765,-1.225,-0.853,0.040999999999999995,0.536,0.885,0.5329999999999999,-0.757,-0.789
5,-2.758,2.839,-0.282,-0.449,-0.485,0.7879999999999999,0.12,0.792,0.023,-0.9490000000000001
4,-2.627,2.089,-1.4340000000000002,0.937,-0.615,0.43,-0.311,-0.203,0.038,0.9329999999999999
4,-2.051,1.508,-1.641,-0.057999999999999996,-0.102,0.34600000000000003,-0.021,0.109,-0.147,-0.298
3,-4.426,1.167,0.008,1.315,0.18899999999999997,-0.297,-0.124,-0.244,-0.423,0.684
1,-3.2680000000000002,-0.079,-0.693,0.763,1.043,1.194,0.892,-1.2930000000000001,-1.033,0.19899999999999998
6,-3.133,1.983,-1.3980000000000001,0.254,-0.667,0.532,0.389,-0.17800000000000002,-0.584,0.8440000000000001
1,-3.034,-1.274,0.263,1.521,0.66,1.6219999999999999,-0.361,-0.46799999999999997,-0.74,0.517
7,-3.4730000000000003,2.178,-0.82,0.706,-1.71,0.779,0.42200000000000004,0.35100000000000003,0.426,-0.267
8,-4.069,4.205,-0.614,-0.06,-1.462,0.47600000000000003,0.381,0.589,0.405,-0.259
4,-2.515,1.34,-0.84,0.511,-0.49200000000000005,0.098,0.047,-0.68,-0.28300000000000003,0.168
9,-4.471,4.096,-0.809,-0.8809999999999999,0.6459999999999999,0.539,0.04,0.142,-1.555,-0.023
7,-2.7760000000000002,2.563,0.532,0.27699999999999997,-1.47,-0.368,-0.278,1.479,-0.16399999999999998,-0.797
10,-4.211,2.8110000000000004,0.016,0.799,0.514,0.496,-1.219,-0.23800000000000002,-0.7979999999999999,-0.392
10,-4.0489999999999995,2.2230000000000003,-0.076,0.9279999999999999,0.6920000000000001,0.731,-0.9309999999999999,-0.141,-1.087,-0.584
10,-4.045,2.377,-0.3,2.002,0.826,-0.18,-0.768,-0.408,-0.787,0.156
4,-2.795,1.9569999999999999,-1.2590000000000001,0.79,-0.27399999999999997,0.078,-0.114,0.005,-0.309,1.1420000000000001
3,-3.9610000000000003,1.078,0.11,1.232,0.21,-0.67,-0.536,-0.33,-0.268,1.0979999999999999
8,-4.188,3.2289999999999996,-0.456,1.077,-1.385,-0.10400000000000001,0.45899999999999996,0.5579999999999999,0.701,-0.32
6,-4.122,1.735,-1.34,0.615,0.03,0.353,0.345,-0.10400000000000001,-0.54,0.988
3,-2.5580000000000003,0.755,-0.66,1.3659999999999999,0.038,-0.011000000000000001,-0.44299999999999995,-0.531,-0.062,0.418
3,-2.8139999999999996,1.515,-0.08800000000000001,0.597,-0.033,-0.29,-0.445,0.113,-0.136,0.662
3,-3.0469999999999997,1.2670000000000001,-0.799,0.507,0.524,0.507,0.044000000000000004,0.302,-0.731,-0.431
8,-4.243,3.3539999999999996,-0.415,0.898,-1.0270000000000001,-0.281,0.5760000000000001,0.48,0.564,-0.085
6,-2.445,1.5030000000000001,-0.677,-0.46,-0.14,-0.002,1.014,0.061,-0.599,0.175
1,-3.415,-0.5379999999999999,0.24100000000000002,2.0380000000000003,0.622,1.0270000000000001,-0.701,-0.66,-0.418,0.7809999999999999
7,-2.71,0.809,0.754,1.903,-0.764,0.37799999999999995,-1.123,0.162,0.405,1.163
3,-1.28,0.7979999999999999,-1.6469999999999998,0.968,-0.418,1.609,-0.031,1.224,-0.374,0.044000000000000004
4,-2.289,1.845,-1.6159999999999999,0.987,-0.8759999999999999,1.044,-0.5489999999999999,0.196,-0.07,-0.8140000000000001
7,-3.7489999999999997,3.0180000000000002,-0.755,-0.452,-0.6659999999999999,0.209,0.741,0.9,-1.6130000000000002,0.128
7,-2.7760000000000002,3.557,-0.435,-1.044,-0.5720000000000001,1.273,0.221,0.295,-0.986,-0.04
7,-2.969,3.128,0.504,-0.48700000000000004,-1.371,0.7040000000000001,0.66,0.6759999999999999,0.469,-0.525
6,-2.441,1.415,0.386,-0.335,-0.187,-0.079,0.0,-0.175,0.792,-0.026000000000000002
1,-4.473,0.373,0.858,0.919,0.778,1.272,0.653,-0.21600000000000003,-0.8909999999999999,-0.627
4,-2.634,2.076,-1.32,0.833,-0.547,0.287,-0.17300000000000001,-0.203,-0.001,0.802
10,-3.972,2.279,-0.62,0.9540000000000001,-1.09,0.7190000000000001,0.7170000000000001,0.3,1.3090000000000002,0.171
3,-4.316,1.272,-0.087,1.285,0.126,-0.128,-0.28600000000000003,-0.46299999999999997,-0.294,0.691
8,-3.917,3.4960000000000004,0.409,-0.531,-1.15,0.017,0.605,0.977,-0.32799999999999996,0.447
2,-3.053,0.716,-1.024,1.422,0.184,1.473,0.261,0.983,-0.431,-0.7170000000000001
2,-3.844,1.056,-0.19,1.685,0.617,1.245,-0.8109999999999999,-0.506,-1.128,0.076
6,-2.335,2.8960000000000004,-0.295,-0.42,-0.645,0.35100000000000003,0.12,0.447,-1.126,0.11
4,-1.57,1.655,-1.04,1.16,-0.9229999999999999,0.961,-0.231,0.955,-0.273,0.065
7,-2.9730000000000003,3.557,-0.396,-0.7190000000000001,-0.669,0.9229999999999999,0.293,1.0090000000000001,0.14,-1.0979999999999999
5,-2.7969999999999997,2.7060000000000004,-1.936,0.147,-0.9209999999999999,1.24,-0.08199999999999999,-0.006,-0.214,-0.064
10,-4.902,4.49,-0.564,-0.536,-0.16399999999999998,-0.298,0.8420000000000001,-0.158,-0.9059999999999999,0.358
8,-3.847,4.268,-1.521,-0.465,-0.23,1.067,-0.02,0.005,-0.5770000000000001,-0.509
5,-2.67,2.696,-0.231,-0.027999999999999997,-1.014,0.486,-0.13699999999999998,0.44799999999999995,0.285,-0.48200000000000004
10,-4.848,1.115,0.932,1.615,-0.589,0.5920000000000001,-0.446,-0.366,-0.447,1.294
8,-3.66,3.6180000000000003,-1.051,-0.748,0.08,1.022,0.914,0.613,0.023,-0.44799999999999995
6,-3.417,1.984,-1.148,0.23399999999999999,-0.778,0.41100000000000003,0.494,0.13,-0.7040000000000001,0.764
5,-2.964,2.8110000000000004,-1.317,0.324,-0.7809999999999999,1.369,0.127,-0.368,-0.677,0.493
4,-1.993,1.725,-1.13,0.556,-1.2229999999999999,0.485,0.21100000000000002,-0.04,-0.294,-0.5479999999999999
4,-3.6310000000000002,1.195,-0.7190000000000001,0.13,-0.065,0.348,-0.061,0.555,-0.594,0.8059999999999999
8,-3.977,3.6839999999999997,-1.242,-0.364,-0.217,0.594,0.759,0.6,0.069,-0.25
5,-2.544,2.725,-0.067,-0.787,-0.903,0.97,0.524,0.32,0.28300000000000003,-0.8220000000000001
10,-4.2989999999999995,2.775,0.244,0.177,-0.436,0.261,-0.308,1.175,-0.22699999999999998,-1.115
3,-1.22,0.831,-1.6740000000000002,0.94,-0.425,1.463,-0.063,1.135,-0.42200000000000004,0.06
8,-4.122,3.177,0.529,-0.17600000000000002,-1.307,0.132,-0.27899999999999997,1.3530000000000002,0.45799999999999996,-0.009000000000000001
1,-2.463,-0.19699999999999998,-1.264,1.15,0.23399999999999999,1.8330000000000002,0.066,0.738,-1.382,-0.498
11,-3.012,2.252,-0.8059999999999999,0.389,-0.11,0.649,-0.32799999999999996,0.321,-0.5589999999999999,0.23399999999999999
8,-4.074,2.281,0.152,1.556,-1.6130000000000002,-0.047,0.222,0.252,0.775,0.125
3,-2.9589999999999996,1.061,-0.35100000000000003,1.745,-0.851,0.344,-0.373,-0.7290000000000001,0.048,0.815
7,-3.242,2.9010000000000002,-0.632,-0.332,-0.42100000000000004,0.226,0.536,0.142,0.623,-0.616
10,-4.602,3.043,-0.9590000000000001,0.828,-0.298,0.315,0.423,0.57,0.387,-0.617
10,-4.611000000000001,2.9619999999999997,-0.856,1.161,-0.612,0.469,0.162,0.705,0.37,-0.9159999999999999
3,-2.8169999999999997,1.268,-1.127,0.7070000000000001,0.39899999999999997,0.406,0.289,0.319,-0.691,-0.379
3,-2.385,1.01,-0.754,0.37,0.785,0.47100000000000003,0.415,0.318,-0.797,-0.679
9,-4.651,4.246,-0.823,-0.831,0.6659999999999999,0.546,-0.3,0.094,-1.3430000000000002,0.185
11,-3.0,1.524,-0.866,1.015,-0.4,0.861,0.174,0.938,-0.21600000000000003,-1.01
5,-2.227,1.993,-0.156,1.554,-1.19,0.332,-0.5479999999999999,1.3619999999999999,-0.013000000000000001,0.369
3,-2.306,1.0859999999999999,-0.59,0.106,0.9309999999999999,0.733,0.213,0.27399999999999997,-0.684,-0.9109999999999999
7,-3.239,3.083,-1.4269999999999998,-0.20199999999999999,-0.282,1.421,0.5760000000000001,0.068,-0.914,0.147
4,-2.931,1.85,-0.8959999999999999,0.685,-1.0,0.504,0.212,-0.276,-0.203,0.595
6,-2.938,2.782,-1.111,-0.076,0.0,0.5820000000000001,0.252,-0.4,-0.773,0.838
11,-3.7310000000000003,1.9269999999999998,-0.705,0.45299999999999996,-0.37200000000000005,1.149,0.046,0.32299999999999995,-0.627,-0.331
2,-3.5460000000000003,1.064,-0.006,1.455,0.847,1.117,0.073,-0.025,-1.318,0.557
3,-2.008,0.785,-1.489,0.654,-0.685,0.313,-0.085,0.856,-0.516,-0.053
3,-1.494,0.6629999999999999,-1.58,1.1909999999999998,-0.252,1.777,-0.07200000000000001,1.189,-0.409,0.09
5,-2.8819999999999997,2.165,-0.589,0.17300000000000001,-1.165,0.013999999999999999,0.5710000000000001,0.502,-0.09300000000000001,-0.616
7,-3.193,2.026,0.83,0.813,-1.205,0.036000000000000004,-0.95,0.7859999999999999,1.045,0.21
8,-3.387,3.286,-0.747,-0.6990000000000001,-0.9,0.8909999999999999,0.875,0.46,-0.457,-0.636
10,-4.521,1.43,0.162,0.58,-0.35100000000000003,1.339,-0.259,0.81,0.431,-0.102
8,-3.642,3.582,-1.031,-0.7609999999999999,0.046,1.255,0.841,0.512,-0.259,-0.447
1,-2.9730000000000003,0.036000000000000004,-1.273,1.5190000000000001,0.195,1.98,0.131,0.8320000000000001,-1.157,-0.547
11,-4.169,1.7990000000000002,-0.621,0.025,0.706,0.36200000000000004,-0.34299999999999997,-0.049,-0.33899999999999997,0.22
11,-4.115,1.8559999999999999,-0.738,0.132,0.6579999999999999,0.32899999999999996,-0.252,-0.12300000000000001,-0.53,0.456
6,-2.521,2.283,-0.9540000000000001,0.23199999999999998,-0.9179999999999999,0.253,-0.094,0.833,-0.7040000000000001,-0.092
5,-2.926,2.673,-1.242,0.396,-1.0290000000000001,1.548,0.05,-0.5920000000000001,-0.331,0.595
6,-2.489,2.379,-0.523,-0.158,-0.17800000000000002,0.406,0.198,0.059000000000000004,-0.589,-0.256
4,-3.053,1.518,-0.7290000000000001,0.828,-1.2109999999999999,0.499,0.326,-0.136,-0.263,0.75
7,-3.015,2.219,0.996,-0.455,-1.514,0.047,0.8640000000000001,0.46799999999999997,0.657,-0.34299999999999997
4,-1.7069999999999999,1.652,-1.012,-0.622,-0.293,0.27899999999999997,-0.276,0.47700000000000004,0.05,-0.2
1,-3.3369999999999997,-0.34700000000000003,-0.79,2.129,-0.057999999999999996,2.079,0.295,0.24600000000000002,-0.687,-1.2409999999999999
8,-4.4030000000000005,3.602,-0.945,-0.934,0.040999999999999995,0.409,1.003,0.47,-0.47700000000000004,-0.621
6,-2.7289999999999996,1.595,-0.15,0.16699999999999998,0.015,0.377,0.083,-0.038,0.166,-0.672
8,-3.9019999999999997,3.5860000000000003,0.33399999999999996,-0.669,-1.087,0.255,0.461,0.812,-0.185,0.535
11,-3.3960000000000004,2.2569999999999997,-0.602,0.40700000000000003,0.204,0.366,0.067,0.044000000000000004,-1.3519999999999999,0.871
5,-2.658,2.739,-0.382,-0.31,-1.64,0.081,0.276,0.884,-0.535,-0.5479999999999999
9,-4.083,2.193,-0.49200000000000005,0.695,0.251,0.423,-0.5579999999999999,-0.12300000000000001,-0.53,0.376
10,-5.034,4.993,-1.633,-0.285,0.39799999999999996,0.18100000000000002,-0.21100000000000002,-0.508,-0.28300000000000003,0.304
11,-2.9760000000000004,1.033,-0.222,-0.099,0.081,0.052000000000000005,0.479,0.517,-1.105,-0.125
8,-3.835,3.339,0.29,-0.126,-1.68,0.195,-0.368,1.328,0.523,0.861
3,-1.895,0.755,-1.3880000000000001,0.638,-0.614,0.24600000000000002,-0.033,0.693,-0.27,-0.34600000000000003
4,-2.85,1.446,-0.792,0.48200000000000004,-0.365,0.046,-0.028999999999999998,-0.7609999999999999,-0.251,0.113
10,-4.788,3.6319999999999997,-0.71,0.3,0.366,-0.121,0.40299999999999997,-0.016,0.124,-1.32
11,-3.082,1.633,-0.11800000000000001,-0.147,-0.484,1.176,-0.086,-0.07200000000000001,0.086,-0.564
11,-2.91,0.9179999999999999,-0.138,-0.382,0.115,0.29,0.418,0.757,-0.898,-0.18899999999999997
9,-4.13,3.105,-1.141,0.183,-0.498,1.324,-0.39899999999999997,0.675,-0.33899999999999997,-0.6940000000000001
4,-2.4819999999999998,1.896,-1.2890000000000001,0.11199999999999999,0.285,0.096,0.022000000000000002,0.8320000000000001,-0.33299999999999996,-0.764
10,-5.211,2.544,0.82,-0.33299999999999996,0.447,0.226,0.127,0.89,-1.389,-0.304
7,-3.179,1.3459999999999999,0.988,1.32,-0.852,-0.008,-1.234,0.34700000000000003,1.02,0.7709999999999999
4,-2.612,1.403,-0.87,0.47,-0.44799999999999995,0.172,-0.06,-0.6559999999999999,-0.33399999999999996,0.087
6,-2.489,2.401,-0.44,-0.36700000000000005,-0.069,0.5329999999999999,0.011000000000000001,0.11800000000000001,-0.621,-0.188
10,-4.827,3.391,-0.099,0.599,-0.723,0.741,0.08900000000000001,-0.214,0.518,-0.07400000000000001
11,-4.173,2.299,-0.298,-0.13,0.122,0.319,-0.38799999999999996,-0.32799999999999996,-0.48,0.99
1,-3.781,-0.011000000000000001,0.102,1.115,1.036,0.6509999999999999,0.615,-1.082,-1.272,0.05
9,-3.972,3.24,-0.8290000000000001,0.069,-0.617,0.977,0.532,0.498,-0.191,-0.91
7,-2.715,2.325,0.701,0.239,-1.426,-0.218,-0.317,1.516,-0.162,-0.703
5,-3.597,2.146,-1.492,-0.142,-0.297,0.815,0.87,-0.49,-0.47100000000000003,0.41
4,-2.3680000000000003,1.7269999999999999,-1.556,1.162,-0.8190000000000001,0.941,-0.5720000000000001,0.345,-0.27899999999999997,-0.736
5,-2.7,2.6860000000000004,-0.043,-0.528,-0.626,0.917,0.16699999999999998,0.652,0.1,-0.937
11,-2.945,1.724,-0.312,-0.239,-0.447,1.36,0.013999999999999999,-0.102,0.021,-0.564
7,-3.025,2.7110000000000003,-0.147,-0.034,-1.34,0.049,0.364,1.099,-1.02,-0.652
10,-5.069,2.119,0.826,-0.27399999999999997,0.5760000000000001,0.145,0.308,1.001,-1.412,-0.306
3,-1.764,0.888,-1.001,0.19699999999999998,0.3,0.66,0.159,0.557,-0.301,-0.65
1,-3.0,0.042,-1.238,1.5290000000000001,0.187,2.028,0.10400000000000001,0.759,-1.18,-0.634
11,-3.108,0.9259999999999999,-0.389,0.249,-0.461,0.816,-0.226,0.818,0.387,0.303
9,-3.977,2.9760000000000004,0.309,-0.259,0.026000000000000002,0.816,-0.317,0.49200000000000005,-0.674,-0.659
5,-2.5069999999999997,1.528,0.852,0.331,-1.2309999999999999,-0.259,-0.265,0.856,0.07,0.069
1,-1.784,-1.074,-1.661,1.324,0.289,1.3030000000000002,0.924,1.307,-0.34600000000000003,-0.521
10,-4.617,3.033,-0.909,0.604,-0.341,0.636,0.294,0.527,0.48,-0.5579999999999999
5,-3.0010000000000003,2.263,-1.178,-0.11599999999999999,-0.922,0.536,1.286,-0.506,-0.5660000000000001,-0.102
9,-3.8960000000000004,2.7680000000000002,-0.816,-0.013999999999999999,-0.125,0.168,0.307,1.203,0.24600000000000002,-0.11800000000000001
7,-3.065,3.139,-0.461,-0.221,-0.759,-0.045,0.068,0.27399999999999997,0.9990000000000001,-0.331
5,-2.7689999999999997,2.906,-0.19399999999999998,0.349,-0.958,0.08900000000000001,-0.245,1.004,0.6,-0.336
9,-3.8569999999999998,2.133,-0.58,0.996,0.502,0.65,-0.28300000000000003,-0.46799999999999997,-0.983,0.613
11,-3.548,1.611,-0.85,0.374,0.168,0.318,0.46299999999999997,0.863,-1.131,-0.33399999999999996
10,-4.001,2.2840000000000003,-0.365,2.106,1.006,-0.027999999999999997,-0.825,-0.39,-0.898,0.099
1,-4.314,-0.106,1.044,1.192,0.687,0.763,0.158,-0.193,-1.3419999999999999,-0.447
1,-4.687,1.1520000000000001,1.089,1.915,0.201,-0.29600000000000004,-0.6920000000000001,-0.105,-0.14300000000000002,0.884
5,-2.859,2.255,-0.6759999999999999,0.098,-1.0859999999999999,0.040999999999999995,0.732,0.305,-0.141,-0.636
7,-3.57,3.41,-1.5759999999999998,0.563,0.002,0.759,0.285,-0.466,-1.409,0.586
4,-1.969,0.835,-0.6709999999999999,-0.27,0.027999999999999997,0.4,-0.444,0.53,0.061,-0.34299999999999997
4,-1.925,1.517,-0.9990000000000001,0.634,-1.27,0.207,0.385,0.004,-0.141,-0.624
3,-1.672,0.32799999999999996,-0.833,-0.5770000000000001,-0.363,0.84,0.18,0.682,-0.124,-0.109
4,-2.101,1.5019999999999998,-0.322,-0.363,0.026000000000000002,0.11599999999999999,0.162,-0.07400000000000001,-0.106,-0.397
9,-4.2,2.201,-0.31,-0.392,0.968,0.7,-0.32799999999999996,0.129,-0.8959999999999999,0.15
5,-2.54,2.925,-0.377,-0.745,-0.562,0.981,0.303,0.539,0.127,-0.9590000000000001
9,-3.924,2.7260000000000004,0.414,-0.155,-0.02,0.893,-0.188,0.552,-0.507,-0.617
5,-2.432,2.126,-0.218,1.422,-1.169,0.41,-0.39299999999999996,1.3259999999999998,-0.067,0.225
4,-1.693,0.807,-0.038,-0.051,-0.174,-0.37200000000000005,0.11699999999999999,0.053,-0.611,0.3
3,-2.135,0.9540000000000001,-1.632,0.121,-0.7040000000000001,1.6,-0.628,0.713,-0.903,-0.027000000000000003
9,-4.045,2.193,0.2,-0.745,0.215,0.387,0.625,1.4769999999999999,-1.207,-0.27
2,-1.53,0.028999999999999998,-0.925,0.054000000000000006,-0.565,1.5930000000000002,0.12300000000000001,1.117,0.33799999999999997,0.026000000000000002
10,-4.694,3.2289999999999996,-1.153,0.7020000000000001,0.452,0.298,0.45399999999999996,0.001,-0.264,-1.399
1,-3.665,0.337,-0.6409999999999999,1.791,-0.19399999999999998,1.686,-0.359,0.57,-0.6759999999999999,-0.841
8,-3.747,4.2669999999999995,-1.847,-0.235,0.38,0.885,-0.049,-0.258,-0.772,-0.11
10,-4.7589999999999995,2.696,0.10400000000000001,0.6970000000000001,-0.787,1.114,0.205,-0.066,0.369,0.306
3,-3.0860000000000003,1.01,-0.627,1.508,0.33799999999999997,0.747,-0.479,-0.32299999999999995,-1.087,0.645
7,-2.6319999999999997,0.8809999999999999,0.71,1.8,-0.75,0.33,-1.128,0.177,0.33899999999999997,1.166
1,-2.852,-0.805,-0.313,1.565,0.688,1.4669999999999999,-0.664,-0.9159999999999999,-0.27899999999999997,0.489
8,-3.813,3.705,-0.157,1.561,-1.5030000000000001,-0.366,-0.581,1.412,0.29,-0.099
7,-2.679,1.7309999999999999,-0.09,2.003,-1.0090000000000001,0.038,-0.8220000000000001,1.232,0.128,0.72
2,-2.889,-0.039,-0.494,0.7190000000000001,1.104,1.003,-0.415,0.09699999999999999,-0.855,0.35600000000000004
10,-4.676,2.537,0.075,0.73,-0.9329999999999999,1.493,0.049,0.076,0.254,0.276
2,-2.9189999999999996,0.46299999999999997,-0.716,0.9570000000000001,0.635,0.833,0.501,0.048,-0.134,-0.638
6,-2.826,2.003,-0.738,0.8009999999999999,-1.669,0.9390000000000001,0.245,-0.257,0.256,-0.45799999999999996
9,-3.7769999999999997,2.064,-0.983,0.846,-0.373,0.96,-0.04,1.331,0.247,-1.09
10,-5.08,2.241,0.971,-0.374,0.501,0.226,0.14400000000000002,0.851,-1.319,-0.3
9,-3.96,3.373,-1.235,0.152,0.031,0.664,0.5579999999999999,0.841,-0.133,-0.317
2,-3.917,1.925,0.267,1.361,0.45299999999999996,-0.19,-0.242,-0.633,-0.62,1.0390000000000001
9,-3.86,2.116,-0.9390000000000001,0.688,-0.675,1.679,-0.512,0.9279999999999999,-0.16699999999999998,-0.434
8,-4.238,2.437,0.036000000000000004,1.158,-2.127,0.5539999999999999,0.12,0.823,0.565,-0.293
4,-3.4939999999999998,1.207,-0.607,0.242,-0.43,0.131,0.23600000000000002,0.545,-0.593,0.6779999999999999
8,-4.064,4.106,-0.545,0.03,-1.645,0.904,0.10300000000000001,0.907,0.05,-0.322
6,-2.852,1.9140000000000001,-0.755,0.825,-1.588,0.855,0.217,-0.24600000000000002,0.23800000000000002,-0.365
5,-2.7230000000000003,1.975,-0.636,0.336,-0.677,0.156,-0.342,0.479,0.381,-0.7290000000000001
2,-3.485,1.092,-0.674,1.395,-0.027000000000000003,1.0390000000000001,-0.047,0.384,-0.7609999999999999,-0.934
5,-2.823,2.7430000000000003,-2.012,0.23399999999999999,-0.919,1.103,0.091,-0.177,-0.14300000000000002,-0.09
1,-3.208,-0.608,-0.516,1.0979999999999999,1.5290000000000001,1.069,0.18600000000000003,-0.9470000000000001,-0.248,-0.059000000000000004
2,-3.1519999999999997,0.086,-0.325,0.868,1.084,0.753,-0.522,-0.005,-0.821,0.483
10,-4.062,2.358,-0.31,1.895,1.095,0.049,-0.87,-0.524,-0.98,-0.065
6,-2.591,1.8090000000000002,-0.659,-0.016,-0.6729999999999999,0.588,0.084,0.182,-0.094,-0.37200000000000005
11,-3.35,2.713,-0.47200000000000003,0.4,-0.196,0.248,-0.22399999999999998,0.53,-0.358,-0.091
1,-1.215,-0.28800000000000003,-2.423,0.8340000000000001,-0.379,2.266,0.503,1.337,-1.36,-0.682
4,-2.081,2.043,-0.521,0.578,-0.46299999999999997,-0.24600000000000002,-0.040999999999999995,-0.162,-0.8140000000000001,0.425
4,-1.7930000000000001,0.925,-0.7390000000000001,-0.396,-0.21100000000000002,0.32899999999999996,-0.40299999999999997,0.604,0.19699999999999998,-0.251
5,-2.813,2.327,-1.246,-0.184,-0.755,0.491,1.202,-0.5579999999999999,-0.669,0.054000000000000006
11,-3.2910000000000004,2.324,-0.679,0.285,0.441,0.557,-0.22699999999999998,0.115,-1.046,0.6970000000000001
6,-2.5380000000000003,2.351,-1.0290000000000001,0.146,-0.922,0.201,-0.057999999999999996,0.835,-0.7120000000000001,-0.07400000000000001
7,-3.0589999999999997,2.895,-0.847,-0.364,-0.484,1.025,0.502,0.506,-0.733,0.078
10,-4.717,0.8290000000000001,0.853,1.98,-0.546,0.688,-0.434,-0.424,-0.636,1.245
6,-2.696,1.26,0.436,0.657,-1.161,0.805,0.062,0.575,0.182,-0.33399999999999996
5,-2.9389999999999996,2.157,-0.451,-0.209,-0.88,0.6970000000000001,0.823,-0.035,-0.7440000000000001,-0.193
5,-2.411,3.85,-1.405,-0.302,-0.39799999999999996,1.069,0.21600000000000003,-0.29100000000000004,-1.1159999999999999,1.043
5,-2.274,1.653,-0.226,1.857,-0.971,0.327,-0.605,1.121,0.121,0.29100000000000004
1,-1.656,-0.496,-1.719,0.363,-0.002,1.6369999999999998,0.535,1.319,-0.012,-0.49
7,-3.3110000000000004,2.946,-0.8079999999999999,-0.3,-0.457,0.324,0.515,0.149,0.5329999999999999,-0.718
2,-3.278,0.324,1.047,1.1520000000000001,0.725,0.168,-0.8390000000000001,-0.381,-0.687,0.013000000000000001
9,-3.862,1.801,-0.7170000000000001,1.133,-0.23,0.922,-0.223,1.264,0.19399999999999998,-0.935
5,-2.7239999999999998,2.998,-0.56,-0.077,-0.9440000000000001,0.5479999999999999,-0.08,0.4,0.14400000000000002,-0.63
3,-2.762,1.51,-0.145,1.157,-0.256,0.040999999999999995,-0.647,-0.324,-0.128,0.8059999999999999
2,-3.266,0.5770000000000001,-0.261,1.4809999999999999,0.8740000000000001,0.301,-0.496,-0.012,-0.623,0.879
1,-3.117,0.146,-1.228,1.635,0.223,2.026,0.036000000000000004,0.569,-1.15,-0.767
1,-5.124,2.319,1.413,1.804,-0.27699999999999997,-0.33,-0.746,0.221,0.06,0.46
8,-4.471,4.461,-1.8869999999999998,-0.799,0.7190000000000001,0.938,0.239,0.342,-1.036,-0.06
6,-3.003,1.163,-0.45,0.32799999999999996,0.09699999999999999,0.574,0.42700000000000005,-0.017,-1.146,-0.06
8,-3.57,1.3659999999999999,0.97,1.9569999999999999,-1.262,0.002,-1.275,0.585,0.754,0.993
8,-3.852,4.2139999999999995,-1.556,-0.336,-0.305,1.133,-0.152,0.237,-0.915,-0.445
8,-3.565,1.3630000000000002,0.958,1.976,-1.268,0.091,-1.3630000000000002,0.72,0.738,1.145
5,-2.475,1.4980000000000002,0.8640000000000001,0.397,-1.17,-0.23399999999999999,-0.38799999999999996,0.825,0.16,0.057
2,-3.0,0.217,-0.855,0.8029999999999999,-0.008,1.795,-0.01,1.07,-0.061,-1.046
10,-4.16,2.8139999999999996,0.557,0.604,0.584,0.47700000000000004,-0.272,0.784,-0.9990000000000001,-0.7809999999999999
5,-2.79,2.665,0.036000000000000004,-0.44,-0.604,0.8109999999999999,0.098,0.723,0.134,-0.91
4,-2.75,1.475,-0.848,0.364,-0.275,0.02,-0.003,-0.782,-0.29100000000000004,0.16699999999999998
8,-3.989,3.049,0.304,0.209,-1.26,-0.205,-0.735,0.862,0.551,1.114
6,-2.464,2.755,-0.975,-0.6509999999999999,0.158,1.047,-0.145,0.203,0.24600000000000002,-0.745
3,-2.289,1.1059999999999999,-0.816,0.228,0.867,0.616,0.33799999999999997,0.298,-0.843,-0.8320000000000001
10,-4.744,3.385,-0.8859999999999999,0.5710000000000001,0.235,0.183,0.35700000000000004,0.04,0.203,-1.68
10,-4.314,2.322,0.58,0.27899999999999997,0.7020000000000001,0.532,-0.068,0.8140000000000001,-0.917,-1.109
9,-3.947,2.102,0.305,0.462,-0.765,1.037,-0.618,0.741,0.345,0.26899999999999996
9,-4.138999999999999,3.363,-1.464,0.45899999999999996,-0.066,1.045,-0.146,0.172,-0.124,-0.8640000000000001
3,-2.5140000000000002,0.5579999999999999,-0.777,1.2990000000000002,0.027000000000000003,0.247,-0.48700000000000004,-0.653,-0.027999999999999997,0.48100000000000004
1,-3.8360000000000003,0.508,0.645,1.7209999999999999,0.28,0.303,-0.9109999999999999,-0.5920000000000001,-0.631,1.023
8,-3.992,3.342,0.16699999999999998,0.086,-1.23,-0.21600000000000003,-0.8240000000000001,0.8370000000000001,0.521,0.978
8,-3.823,3.536,-2.07,0.245,-0.442,1.125,0.73,0.5379999999999999,-0.006,-0.64
2,-1.3880000000000001,0.215,-1.105,-0.295,-0.39,1.2819999999999998,0.35600000000000004,0.816,0.292,-0.376
1,-3.0189999999999997,0.057999999999999996,-1.265,1.4969999999999999,0.171,1.9969999999999999,0.17800000000000002,0.847,-1.16,-0.5479999999999999
4,-1.985,2.161,-0.601,0.424,-0.295,-0.489,0.20800000000000002,-0.21600000000000003,-0.562,0.079
3,-1.501,0.847,-1.619,0.92,-0.488,1.6159999999999999,-0.161,1.127,-0.613,-0.051
4,-1.926,2.1719999999999997,-0.5710000000000001,0.257,-0.159,-0.493,0.27,-0.153,-0.6729999999999999,-0.005
9,-4.232,3.035,0.428,0.49700000000000005,-1.374,0.5489999999999999,0.133,0.23199999999999998,0.129,0.48700000000000004
6,-2.291,1.146,0.35200000000000004,0.354,-0.7140000000000001,0.08,-0.18100000000000002,0.787,0.7090000000000001,-0.409
10,-4.88,3.0639999999999996,0.06,0.434,-0.575,0.897,0.25,0.085,0.09300000000000001,0.445
7,-3.1460000000000004,3.076,-0.6829999999999999,-0.032,-0.693,-0.06,-0.267,0.47600000000000003,0.982,-0.35200000000000004
4,-2.021,2.4930000000000003,-0.41600000000000004,-0.11599999999999999,0.094,-0.033,-0.4,-0.08,-0.136,0.069
8,-3.9410000000000003,2.305,0.124,1.771,-1.815,0.593,-0.435,0.992,0.575,-0.301
7,-3.4619999999999997,2.648,-0.447,0.0,-0.41600000000000004,0.767,0.569,-0.07200000000000001,-0.08,-0.7979999999999999
3,-2.64,1.3219999999999998,-0.111,0.861,0.026000000000000002,-0.354,-0.425,0.083,-0.235,0.7809999999999999
6,-2.353,2.897,-0.433,-0.193,-0.715,0.359,0.26,0.273,-1.206,0.36
9,-3.155,1.021,0.455,0.624,-1.306,0.8420000000000001,-0.12300000000000001,0.909,0.32799999999999996,0.8759999999999999
11,-2.867,1.391,-0.8170000000000001,1.595,-0.883,1.143,-0.42700000000000005,1.159,0.17,-0.456
10,-4.118,2.542,-0.2,1.6159999999999999,1.1059999999999999,-0.06,-0.728,-0.544,-0.912,-0.10099999999999999
9,-4.07,2.254,-0.28,-0.722,0.696,0.6829999999999999,0.243,0.6890000000000001,-1.45,0.19
5,-2.742,2.7289999999999996,-0.129,-0.49,-0.573,0.868,0.07,0.7709999999999999,0.053,-0.9390000000000001
8,-4.208,2.447,0.049,1.331,-2.088,0.585,-0.05,0.82,0.606,-0.302
1,-2.698,-1.0270000000000001,-0.94,1.796,0.392,1.33,0.866,0.7809999999999999,-0.838,-0.6629999999999999
2,-2.441,0.191,-0.8140000000000001,0.255,0.41100000000000003,1.636,0.395,0.7609999999999999,-0.005,-0.564
1,-4.066,0.39799999999999996,-0.382,1.679,0.121,1.617,0.504,-0.315,-0.226,-0.873
3,-3.3689999999999998,1.784,-0.603,1.3030000000000002,0.006999999999999999,-0.044000000000000004,-0.45899999999999996,-0.012,-0.591,1.047
2,-3.3939999999999997,0.557,-0.573,1.704,0.608,1.6440000000000001,0.109,0.2,-1.507,-0.225
4,-2.5839999999999996,2.0909999999999997,-1.4509999999999998,0.889,-0.46399999999999997,0.285,-0.213,-0.245,-0.138,1.206
3,-2.665,0.772,-1.0090000000000001,1.307,0.287,0.855,-0.466,-0.19,-0.721,0.40700000000000003
5,-2.696,3.1289999999999996,-0.52,0.294,-0.9890000000000001,0.019,-0.066,1.1059999999999999,0.361,-0.396
